<OpenSearchDescription xmlns="http://a9.com/-/spec/opensearch/1.1/"
							  xmlns:moz="http://www.mozilla.org/2006/browser/search/">
	<ShortName>5etools</ShortName>
	<Description>5etools: A suite of browser-based tools for 5th Edition  Dungeons &amp; Dragons players and Dungeon Masters.</Description>
	<InputEncoding>UTF-8</InputEncoding>
	<Image width="16" height="16" type="image/x-icon">https://5etools-mirror-1.github.io/favicon-16x16.png</Image>
	<Url type="text/html" template="https://5etools-mirror-1.github.io/search.html?{searchTerms}"/>
	<Url type="application/x-suggestions+json" method="GET" template="http://suggestqueries.google.com/complete/search?output=firefox&amp;q={searchTerms}"/>
	<moz:SearchForm>https://5etools-mirror-1.github.io/search.html</moz:SearchForm>
	<SearchForm>https://5etools-mirror-1.github.io/search.html</SearchForm>
</OpenSearchDescription>
